{
    "idx": 0,
    "actions": [
        [
            1.675978366359223,
            0.5900054242764072,
            -0.00653284701927889,
            0.7253401749618245
        ],
        [
            1.6436095365160235,
            0.5018627370661356,
            0.0019898949440518773,
            0.935185039706457
        ],
        [
            1.8017515613278219,
            0.46662090396464356,
            0.012697647503143039,
            0.6970877293827356
        ],
        [
            1.721089781974335,
            0.4840060212242957,
            -0.008087175319795336,
            0.600374536736546
        ],
        [
            1.674021265659473,
            0.6342622010510353,
            0.004178537032173259,
            0.6085861512563349
        ],
        [
            1.9401523416005246,
            0.3858098580796153,
            0.001978281678498678,
            0.6475301540356595
        ],
        [
            1.791918838705626,
            0.4229215699293435,
            0.00046135058955684927,
            0.388842289202866
        ],
        [
            1.8643631275453338,
            0.5274647203612445,
            0.003711725526490392,
            0.8066689999823797
        ],
        [
            1.6086257329138494,
            0.48459276015751646,
            -0.03116856591599126,
            0.7990684729774145
        ],
        [
            1.8026246617861588,
            0.5743553515508337,
            -0.0014735366458284366,
            0.565699452038287
        ],
        [
            1.7714040848514827,
            0.013660600684033315,
            0.015551140320590677,
            1.049073298056248
        ],
        [
            1.824005692929672,
            0.0014067190330796092,
            -0.007436721747008731,
            0.630047822427187
        ],
        [
            1.7113095673716125,
            0.007301835311296145,
            -0.01857483271594538,
            0.8634911273197592
        ],
        [
            2.0929096241763863,
            -0.006545701349975838,
            0.0020721739341095337,
            0.666857496931046
        ],
        [
            -0.013298918613340628,
            -0.0035549477460845203,
            -0.011974276956385664,
            0.47693439216590133
        ]
    ],
    "observations": [
        [
            -0.07022364593514648,
            0.7078707749117271,
            0.052999257690619916,
            -0.0691545292135292,
            0.7077921686739523,
            0.015142718661984906,
            0.21499901214569186,
            0.5512700551423197,
            0.014996321250000225,
            0.05,
            0.75,
            0.02,
            0.2,
            0.55,
            0.02,
            0.05,
            0.75,
            0.02,
            0.2,
            0.55,
            0.02
        ],
        [
            -0.0670734509952384,
            0.7094218377131547,
            0.053014452404956516,
            -0.06605880950874005,
            0.7091894660355904,
            0.015189377916072333,
            0.21499901322572307,
            0.5512700552316439,
            0.014996321250000225,
            0.05,
            0.75,
            0.02,
            0.2,
            0.55,
            0.02,
            0.05,
            0.75,
            0.02,
            0.2,
            0.55,
            0.02
        ],
        [
            -0.06151078790686941,
            0.7120331231842932,
            0.05295981623427459,
            -0.060522720551100605,
            0.7117080860678746,
            0.01511345123970433,
            0.21499901430575427,
            0.551270055320968,
            0.014996321250000225,
            0.05,
            0.75,
            0.02,
            0.2,
            0.55,
            0.02,
            0.05,
            0.75,
            0.02,
            0.2,
            0.55,
            0.02
        ],
        [
            -0.05443700757424229,
            0.7153211887179624,
            0.052980470998552576,
            -0.05362802613722466,
            0.7149250600897576,
            0.015183722374223189,
            0.21499901538578547,
            0.5512700554102921,
            0.014996321250000225,
            0.05,
            0.75,
            0.02,
            0.2,
            0.55,
            0.02,
            0.05,
            0.75,
            0.02,
            0.2,
            0.55,
            0.02
        ],
        [
            -0.04644255894351813,
            0.719168570484559,
            0.05312908546878391,
            -0.04584575430703255,
            0.7186812439978157,
            0.015413350349689381,
            0.21499901646581668,
            0.5512700554996162,
            0.014996321250000225,
            0.05,
            0.75,
            0.02,
            0.2,
            0.55,
            0.02,
            0.05,
            0.75,
            0.02,
            0.2,
            0.55,
            0.02
        ],
        [
            -0.0374353459327682,
            0.7234846401520699,
            0.05315777685304725,
            -0.036925453055497416,
            0.722801653392855,
            0.015393404944469953,
            0.21499901754584788,
            0.5512700555889403,
            0.014996321250000225,
            0.05,
            0.75,
            0.02,
            0.2,
            0.55,
            0.02,
            0.05,
            0.75,
            0.02,
            0.2,
            0.55,
            0.02
        ],
        [
            -0.027910494284954557,
            0.7278606195949511,
            0.05314708097743308,
            -0.02749167299865972,
            0.7270189606130563,
            0.015324375804833921,
            0.21499901862587908,
            0.5512700556782644,
            0.014996321250000225,
            0.05,
            0.75,
            0.02,
            0.2,
            0.55,
            0.02,
            0.05,
            0.75,
            0.02,
            0.2,
            0.55,
            0.02
        ],
        [
            -0.018129634951827102,
            0.7323036128137439,
            0.05315680286117751,
            -0.01780995174757242,
            0.7313286589737089,
            0.015270373802558834,
            0.2149990197059103,
            0.5512700557675885,
            0.014996321250000225,
            0.05,
            0.75,
            0.02,
            0.2,
            0.55,
            0.02,
            0.05,
            0.75,
            0.02,
            0.2,
            0.55,
            0.02
        ],
        [
            -0.00821747744158351,
            0.7368468997267411,
            0.05317520064554224,
            -0.008008780550237484,
            0.7357559272397443,
            0.015218823472540843,
            0.2149990207859415,
            0.5512700558569126,
            0.014996321250000225,
            0.05,
            0.75,
            0.02,
            0.2,
            0.55,
            0.02,
            0.05,
            0.75,
            0.02,
            0.2,
            0.55,
            0.02
        ],
        [
            0.001764029037932694,
            0.7415226584529934,
            0.05320332368884306,
            0.001847598057316679,
            0.7403312852156105,
            0.015168764475614162,
            0.2149990218659727,
            0.5512700559462367,
            0.014996321250000225,
            0.05,
            0.75,
            0.02,
            0.2,
            0.55,
            0.02,
            0.05,
            0.75,
            0.02,
            0.2,
            0.55,
            0.02
        ],
        [
            0.011606959542723547,
            0.7458431428257454,
            0.05331743739868977,
            0.011065740631647515,
            0.7445321461123825,
            0.015504673562950402,
            0.2149990229460039,
            0.5512700560355608,
            0.014996321250022145,
            0.05,
            0.75,
