{
    "idx": 0,
    "actions": [
        [
            1.7661317814554602,
            1.2069525088042308,
            -0.001550358081183258,
            0.45126135163643716
        ],
        [
            1.8677557033587717,
            0.9145502733714432,
            0.005592989813908843,
            0.4706710987467728
        ],
        [
            1.8456153035827056,
            1.0399472352830077,
            0.008591041927855307,
            0.8619935508211236
        ],
        [
            1.7023104613264675,
            0.5994662825260418,
            0.00010185518712073463,
            0.3027987208118552
        ],
        [
            1.9802242229790548,
            0.551956732718446,
            -0.00653284701927889,
            0.7253401749618245
        ],
        [
            1.9054324974904078,
            1.023456693137638,
            0.0019898949440518773,
            0.13082860954807013
        ],
        [
            1.7979870896122463,
            0.8035031226556437,
            0.012697647503143039,
            0.6970877293827356
        ],
        [
            0.007750232632241703,
            0.8002496911576974,
            -0.008087175319795336,
            0.35041275203486255
        ],
        [
            0.6028620504187783,
            0.6342622010510353,
            0.004178537032173259,
            0.3780192441104221
        ],
        [
            0.7401523416005245,
            0.5158433846785532,
            0.001978281678498678,
            0.20670888886763628
        ],
        [
            0.5296140964009554,
            0.4919188387056259,
            0.00046135058955684927,
            0.45574639773818126
        ],
        [
            0.007035855546433883,
            0.9377793333215865,
            0.003711725526490392,
            0.7930893826360015
        ],
        [
            0.007088595753671403,
            0.9327123153182764,
            -0.03116856591599126,
            0.025877198741547813
        ],
        [
            -0.0009816121120593054,
            0.7771329680255247,
            -0.0014735366458284366,
            0.6078739853584761
        ],
        [
            -5.9274058332318056e-05,
            1.0993821987041654,
            0.015551140320590677,
            0.5142122545544481
        ],
        [
            -0.012160765807458609,
            0.8200318816181248,
            -0.007436721747008731,
            0.6720170787890156
        ],
        [
            -0.01696131266831543,
            0.9756607515465061,
            -0.01857483271594538,
            0.3339287021148373
        ],
        [
            -0.010182793255668515,
            -0.006545701349975838,
            0.0020721739341095337,
            1.4787288725291583
        ]
    ],
    "observations": [
        [
            -0.024550875189074433,
            0.6387539022471875,
            0.05013555758769361,
            -0.030145472609074055,
            0.639651209600588,
            0.015285925092226904,
            0.22503703894688762,
            0.5424857515027746,
            0.014996321250000265,
            0.05,
            0.75,
            0.02,
            0.2,
            0.55,
            0.02,
            0.05,
            0.75,
            0.02,
            0.2,
            0.55,
            0.02
        ],
        [
            -0.021157945116610854,
            0.6416584260024617,
            0.05019685788365537,
            -0.026781772191159327,
            0.6426749816498736,
            0.015308427677696104,
            0.22503703785444829,
            0.5424857511179074,
            0.014996321250000265,
            0.05,
            0.75,
            0.02,
            0.2,
            0.55,
            0.02,
            0.05,
            0.75,
            0.02,
            0.2,
            0.55,
            0.02
        ],
        [
            -0.015662433227053893,
            0.6464624612551791,
            0.050346486043771385,
            -0.021354970422062868,
            0.6476143680867316,
            0.015408208692666913,
            0.22503703676200895,
            0.5424857507330403,
            0.014996321250000265,
            0.05,
            0.75,
            0.02,
            0.2,
            0.55,
            0.02,
            0.05,
            0.75,
            0.02,
            0.2,
            0.55,
            0.02
        ],
        [
            -0.008533868841858267,
            0.6523938102037047,
            0.050501905712935044,
            -0.014340194277473945,
            0.6537053660847257,
            0.015494746131349189,
            0.22503703566956962,
            0.5424857503481731,
            0.014996321250000265,
            0.05,
            0.75,
            0.02,
            0.2,
            0.55,
            0.02,
            0.05,
            0.75,
            0.02,
            0.2,
            0.55,
            0.02
        ],
        [
            -0.00027630353528552905,
            0.6585573380582028,
            0.05060468832882423,
            -0.006204850003794425,
            0.6600146637678912,
            0.015525695116098429,
            0.22503703457713028,
            0.542485749963306,
            0.014996321250000265,
            0.05,
            0.75,
            0.02,
            0.2,
            0.55,
            0.02,
            0.05,
            0.75,
            0.02,
            0.2,
            0.55,
            0.02
        ],
        [
            0.008690731104573579,
            0.6650935114553782,
            0.05069761823613525,
            0.002623740483235097,
            0.6666593764548642,
            0.015546595377494693,
            0.22503703348469095,
            0.5424857495784389,
            0.014996321250000265,
            0.05,
            0.75,
            0.02,
            0.2,
            0.55,
            0.02,
            0.05,
            0.75,
            0.02,
            0.2,
            0.55,
            0.02
        ],
        [
            0.01811881314373964,
            0.6722016350377964,
            0.050831394953292974,
            0.011883496137092019,
            0.6738607735626704,
            0.015595502419885388,
            0.22503703239225162,
            0.5424857491935717,
            0.014996321250000265,
            0.05,
            0.75,
            0.02,
            0.2,
            0.55,
            0.02,
            0.05,
            0.75,
            0.02,
            0.2,
            0.55,
            0.02
        ],
        [
            0.026710155464055817,
            0.6796522024209819,
            0.05095614310474185,
            0.020303700241606513,
            0.6813860094680259,
            0.015623318630200358,
            0.22503703129981228,
            0.5424857488087046,
            0.014996321250000265,
            0.05,
            0.75,
            0.02,
            0.2,
            0.55,
            0.02,
            0.05,
            0.75,
            0.02,
            0.2,
            0.55,
            0.02
        ],
        [
            0.033892627767155244,
            0.6871171407076149,
            0.05106277860168443,
            0.02730266305448961,
            0.688904805929777,
            0.01562526839660096,
            0.22503703020737295,
            0.5424857484238375,
            0.014996321250000265,
            0.05,
            0.75,
            0.02,
            0.2,
            0.55,
            0.02,
            0.05,
            0.75,
            0.02,
            0.2,
            0.55,
            0.02
        ],
        [
            0.04061635708654662,
            0.6941795577560045,
            0.05116804228863475,
            0.033834565964684156,
            0.6960261662772075,
            0.015626002274442163,
            0.22503702911493362,
            0.5424857480389703,
            0.014996321250000265,
            0.05,
            0.75,
            0.02,
            0.2,
            0.55,
