{
    "idx": 0,
    "actions": [
        [
            -0.0025228993343585733,
            0.6237847164254662,
            0.005865658810226818,
            0.15589979585531333
        ],
        [
            0.011851357669953662,
            1.0878623130134173,
            0.01264054488547529,
            0.5707900449271356
        ],
        [
            0.0030734273811977037,
            0.8237169414784553,
            -0.009380044751635966,
            0.10417334890467483
        ],
        [
            -0.0005374959098469546,
            0.7608954870769009,
            0.006865936585382684,
            0.8589687082834343
        ],
        [
            0.007188329931647838,
            0.964526111426046,
            0.0018514377014809986,
            0.5231185076236962
        ],
        [
            0.014795123748399466,
            1.0761548335397937,
            -0.0036998667334689522,
            0.32915257176180157
        ],
        [
            -0.01909748745552994,
            0.9817858181639334,
            -0.009983148832911458,
            0.08052654235221024
        ],
        [
            -0.004690603051979326,
            0.8226459423848853,
            -0.008018829489269297,
            0.7524782539686312
        ],
        [
            0.0014326993802597737,
            0.7381761829878994,
            -0.006063875818315253,
            0.3937230165861605
        ],
        [
            0.017692858482429616,
            0.535982195586564,
            0.0066853104740997316,
            0.49236004631297464
        ],
        [
            -0.005506566285320147,
            0.5234713958639496,
            -0.00042230582578602885,
            0.5239186636933866
        ],
        [
            0.006387055026092945,
            0.5787833097571405,
            -0.00987509044632855,
            0.22320839711131363
        ],
        [
            -0.0019462690944872054,
            0.4693956574847242,
            -0.006938788703477505,
            0.36224262922332395
        ],
        [
            0.01576049838274824,
            0.5922358773610761,
            0.00010239443392847767,
            0.44151311748708355
        ],
        [
            -0.00410757201877483,
            0.31458347690270994,
            -0.014744124235772123,
            0.7513580660778616
        ],
        [
            -0.008700136506600982,
            0.4683646015864463,
            -0.005618947791707954,
            0.5255870377503257
        ],
        [
            0.0031540266184822267,
            0.47612682100779335,
            0.0038397093988847436,
            0.7978574769409292
        ],
        [
            0.014854890391207447,
            0.6075443330920595,
            0.008012448985244286,
            0.40749949605119856
        ],
        [
            -0.012631835935317257,
            0.40417018096264185,
            -0.010829069093009331,
            0.2913672056636739
        ],
        [
            -0.002622495596139125,
            0.3594709633356729,
            0.001273225813028542,
            1.0190623434311559
        ],
        [
            -0.009895768916739333,
            0.3992903156550328,
            -0.016121859434831805,
            1.0081641953205545
        ],
        [
            0.0054339081329619135,
            -0.01383329060870223,
            -0.007061033789406693,
            -0.36462730986874126
        ]
    ],
    "observations": [
        [
            0.054106822846480516,
            0.6166478905852132,
            0.05823098361372417,
            0.05424376685783385,
            0.612978104579206,
            0.014646199482845807,
            0.1656422780010332,
            0.5655016772794542,
            0.015459986863639898,
            0.04652344091462453,
            0.7451175680018682,
            0.02,
            0.19891958979012014,
            0.5527678236911165,
            0.02,
            0.04652344091462453,
            0.7451175680018682,
            0.02,
            0.19891958979012014,
            0.5527678236911165,
            0.02
        ],
        [
            0.054124030058798234,
            0.6184932061722083,
            0.05696380553387874,
            0.05424410066049553,
            0.6130784795458488,
            0.014667859618172116,
            0.16601750247449001,
            0.5649902148129544,
            0.015459676487018743,
            0.04652344091462453,
            0.7451175680018682,
            0.02,
            0.19891958979012014,
            0.5527678236911165,
            0.02,
            0.04652344091462453,
            0.7451175680018682,
            0.02,
            0.19891958979012014,
            0.5527678236911165,
            0.02
        ],
        [
            0.054159955532285996,
            0.6212672208810944,
            0.0562819370115665,
            0.05424483025641499,
            0.6132690913403609,
            0.014684846566587457,
            0.16664296227055939,
            0.5648848364306138,
            0.015459354269880354,
            0.04652344091462453,
            0.7451175680018682,
            0.02,
            0.19891958979012014,
            0.5527678236911165,
            0.02,
            0.04652344091462453,
            0.7451175680018682,
            0.02,
            0.19891958979012014,
            0.5527678236911165,
            0.02
        ],
        [
            0.05419985247213013,
            0.6251339652349748,
            0.05583484860751624,
            0.05424499769503904,
            0.6135447247121453,
            0.014759907152022009,
            0.16716491977118414,
            0.5652450825661023,
            0.015459036488522841,
            0.04652344091462453,
            0.7451175680018682,
            0.02,
            0.19891958979012014,
            0.5527678236911165,
            0.02,
            0.04652344091462453,
            0.7451175680018682,
            0.02,
            0.19891958979012014,
            0.5527678236911165,
            0.02
        ],
        [
            0.05425741893527842,
            0.6300786792767142,
            0.05557464184099678,
            0.054245294396634704,
            0.6139169098171317,
            0.014969301298078599,
            0.16728815869906435,
            0.5658671245630496,
            0.01545873007982567,
            0.04652344091462453,
            0.7451175680018682,
            0.02,
            0.19891958979012014,
            0.5527678236911165,
            0.02,
            0.04652344091462453,
            0.7451175680018682,
            0.02,
            0.19891958979012014,
            0.5527678236911165,
            0.02
        ],
        [
            0.05436691295014251,
            0.6356483130419937,
            0.05575857438997417,
            0.05425968970476578,
            0.6157123043202876,
            0.014333406810888205,
            0.16694301956992763,
            0.5663990169246923,
            0.01545842961748898,
            0.04652344091462453,
            0.7451175680018682,
            0.02,
            0.19891958979012014,
            0.5527678236911165,
            0.02,
            0.04652344091462453,
            0.7451175680018682,
            0.02,
            0.19891958979012014,
            0.5527678236911165,
            0.02
        ],
        [
            0.0543735713279678,
            0.6430362120068288,
            0.0555832282726262,
            0.05421527274738359,
            0.6249373137221895,
            0.02200370956162134,
            0.1663248637716445,
            0.5665398118604483,
            0.01545812623480618,
            0.04652344091462453,
            0.7451175680018682,
            0.02,
            0.19891958979012014,
            0.5527678236911165,
            0.02,
            0.04652344091462453,
            0.7451175680018682,
            0.02,
            0.19891958979012014,
            0.5527678236911165,
            0.02
        ],
        [
