{
    "idx": 0,
    "actions": [
        [
            -0.02437564359199356,
            0.0111492455949028,
            0.00013748487335533656,
            0.4916660595780401
        ],
        [
            -0.0105747364780153,
            -0.005559850318789673,
            0.00026738382674636933,
            0.4587772505451818
        ],
        [
            0.014315677574492909,
            0.774686133672122,
            -0.004287020655858289,
            0.10074810445014792
        ],
        [
            -0.015096616060682988,
            0.5106119330488383,
            0.009687443931111454,
            0.3712915389817172
        ],
        [
            -0.013003468322183392,
            0.7403353662008333,
            -0.007742950804868045,
            0.8476116696262544
        ],
        [
            0.00021857358219871373,
            0.5898692326825021,
            0.015309323510288247,
            0.5702975066147767
        ],
        [
            -0.0037016416451370253,
            0.45719077679020076,
            0.005383296032761768,
            0.5398939559985038
        ],
        [
            -0.008391294028422137,
            0.5365650422388412,
            -0.013647582300824324,
            0.5186377980329508
        ],
        [
            0.0006763423006691977,
            0.7148915574457104,
            0.004470241568856783,
            0.6083286394876504
        ],
        [
            -0.005286706589354886,
            0.5731376812555545,
            -0.007408667042040727,
            0.40778228274294026
        ],
        [
            0.005541275783267697,
            0.7503161386589924,
            -0.0006036249439233865,
            0.8159004511611995
        ],
        [
            0.002756665493407744,
            0.9088289504716016,
            -0.00015779217120995173,
            0.8862568742696295
        ],
        [
            0.004662900435501895,
            1.0797124184251072,
            -0.00832186034150062,
            0.10523490767486038
        ],
        [
            -0.01723228250716323,
            0.7489058427624462,
            -0.0035687152802559847,
            0.6452454618997782
        ],
        [
            0.0029871365999200893,
            0.5544727159179185,
            -0.00029856121636366264,
            0.5571936863779605
        ],
        [
            0.0006859922748066053,
            0.38267300411589156,
            -0.0048972502237302675,
            0.9773232652488114
        ],
        [
            0.014558079518368435,
            0.8560115720075361,
            0.014849255986999542,
            0.7378754714502168
        ],
        [
            -0.001550358081183258,
            1.2069525088042308,
            -0.004957954945452093,
            0.49839534436638067
        ],
        [
            0.005592989813908843,
            1.0614367690162516,
            -0.004310963375107571,
            0.8032671100763151
        ],
        [
            0.008591041927855307,
            0.7284841936062805,
            0.008733118360704123,
            0.7368459107481166
        ],
        [
            0.00010185518712073463,
            0.6820840154909569,
            -0.009906709306271492,
            0.30693138397940245
        ],
        [
            -0.00653284701927889,
            1.1604484459581095,
            0.004178005832060815,
            0.8700162728292217
        ],
        [
            0.0019898949440518773,
            1.0108649949808155,
            0.011172834656881903,
            0.6055882111984067
        ],
        [
            0.012697647503143039,
            0.7959741792244925,
            0.00017515613278218338,
            0.4998627118939307
        ]
    ],
    "observations": [
        [
            0.06255262942240629,
            0.6179736637631759,
            0.050139298615617126,
            0.05346093354874364,
            0.6153580805864979,
            0.014619652363838186,
            0.21568160900549443,
            0.5479753694708017,
            0.014996321250000232,
            0.05,
            0.75,
            0.02,
            0.2,
            0.55,
            0.02,
            0.05,
            0.75,
            0.02,
            0.2,
            0.55,
            0.02
        ],
        [
            0.06253493065229242,
            0.6178673443267964,
            0.05018553287535199,
            0.053448963885759544,
            0.6157301653063346,
            0.014986788040877283,
            0.2156816100812603,
            0.547975369720462,
            0.014996321250000232,
            0.05,
            0.75,
            0.02,
            0.2,
            0.55,
            0.02,
            0.05,
            0.75,
            0.02,
            0.2,
            0.55,
            0.02
        ],
        [
            0.06247419196486498,
            0.6187216799756523,
            0.050220038548016,
            0.053388834801434894,
            0.6162008794747342,
            0.015105060295313591,
            0.21568161115702617,
            0.5479753699701223,
            0.014996321250000232,
            0.05,
            0.75,
            0.02,
            0.2,
            0.55,
            0.02,
            0.05,
            0.75,
            0.02,
            0.2,
            0.55,
            0.02
        ],
        [
            0.0624005784814267,
            0.6210259040155466,
            0.05025781592523565,
            0.053305882318465156,
            0.6182660910457687,
            0.015216656802226013,
            0.21568161223279203,
            0.5479753702197826,
            0.014996321250000232,
            0.05,
            0.75,
            0.02,
            0.2,
            0.55,
            0.02,
            0.05,
            0.75,
            0.02,
            0.2,
            0.55,
            0.02
        ],
        [
            0.06231858142998617,
            0.6245779891533763,
            0.05028194485534458,
            0.053202463743429476,
            0.6216819371648125,
            0.01530665632584059,
            0.2156816133085579,
            0.5479753704694429,
            0.014996321250000232,
            0.05,
            0.75,
            0.02,
            0.2,
            0.55,
            0.02,
            0.05,
            0.75,
            0.02,
            0.2,
            0.55,
            0.02
        ],
        [
            0.062265979323406134,
            0.6290810930302904,
            0.050319148660646046,
            0.05311234865285352,
            0.6258954112381372,
            0.015291145222221756,
            0.21568161438432376,
            0.5479753707191032,
            0.014996321250000232,
            0.05,
            0.75,
            0.02,
            0.2,
            0.55,
            0.02,
            0.05,
            0.75,
            0.02,
            0.2,
            0.55,
            0.02
        ],
        [
            0.06226177611266754,
            0.6339589930934914,
            0.05037200647511439,
            0.05306247105497032,
            0.6305608515565124,
            0.015291650542175256,
            0.21568161546008963,
            0.5479753709687635,
            0.014996321250000232,
            0.05,
            0.75,
            0.02,
            0.2,
            0.55,
            0.02,
            0.05,
            0.75,
            0.02,
            0.2,
            0.55,
            0.02
        ],
        [
            0.06227403219074238,
            0.6389373295882134,
            0.05041095312494731,
            0.05303064855220562,
            0.6353563533614965,
            0.01527699517666468,
            0.2156816165358555,
            0.5479753712184238,
            0.014996321250000232,
            0.05,
            0.75,
            0.02,
            0.2,
            0.55,
            0.02,
            0.05,
            0.75,
            0.02,
            0.2,
            0.55,
            0.02
        ],
