{
    "idx": 0,
    "actions": [
        [
            -0.002712073398901639,
            -0.013171747888057942,
            0.0018970261207999575,
            0.6202902690200759
        ],
        [
            0.0002776213162550149,
            -0.0042554221277144805,
            0.014219755592924647,
            0.4413988023193534
        ],
        [
            -0.00640725724190199,
            -0.011343115937222275,
            0.007772769637679554,
            0.7662382734980309
        ],
        [
            0.007196681705373317,
            0.6583229895323786,
            -0.007308735859513859,
            0.6826999648022323
        ],
        [
            0.00954189580898765,
            1.1429663217352086,
            0.004472120874548315,
            0.7398870130650568
        ],
        [
            -0.2643128471974402,
            1.159507877425181,
            -0.003979120985908414,
            0.08303152478510312
        ],
        [
            -0.3910645672229971,
            0.7940287756727268,
            0.016857923026593037,
            0.6896140979976026
        ],
        [
            -0.27277238988549196,
            0.7020549955253947,
            0.0003812738409493465,
            0.6205797682441981
        ],
        [
            -0.30554922254438033,
            1.096985119739991,
            0.00040071456547775456,
            1.036742385551053
        ],
        [
            -0.3066060261786493,
            0.7008409010909582,
            0.01390533967073938,
            0.5534892575645023
        ],
        [
            -0.19363044089744524,
            0.7137807324978487,
            0.010541779089389226,
            0.7677896944172653
        ],
        [
            -0.21903734239598877,
            0.9746623672140825,
            -0.004674410096259064,
            0.8577312578356592
        ],
        [
            -0.5198296338670493,
            0.6018658138745703,
            0.00041082226143879567,
            0.6030556556136221
        ],
        [
            -0.009768953867353252,
            0.8157028050348353,
            -0.021789315201949093,
            0.40401458942163326
        ],
        [
            0.009000542427640723,
            1.1977463837190783,
            -0.0020828510309499632,
            0.6596968483215563
        ],
        [
            0.00018627370661355457,
            0.6580291635707792,
            0.00030546581040616887,
            0.9809294250942912
        ],
        [
            -0.0033379096035356416,
            0.5791752028401477,
            0.007750232632241703,
            0.3573847404061399
        ],
        [
            -0.0015993978775704282,
            0.7919962549296735,
            -0.005981504525164858,
            0.7253561109651978
        ],
        [
            0.013426220105103533,
            0.8195501604844371,
            0.013151376657209723,
            0.6593484503549604
        ],
        [
            -0.011419014192038467,
            0.6083251039546878,
            -0.015329210534301278,
            0.6138405176867054
        ],
        [
            -0.0077078430070656526,
            0.6020354900905762,
            0.007035855546433883,
            0.7113517657947117
        ],
        [
            0.0027464720361244453,
            0.9288904066822086,
            0.007088595753671403,
            -0.3350569774797377
        ],
        [
            -0.001540723984248353,
            1.011961258986755,
            -0.0009816121120593054,
            0.5557939006251469
        ],
        [
            0.007435535155083369,
            0.9226652452657402,
            -5.9274058332318056e-05,
            1.0665342096177204
        ],
        [
            -0.28409877484456414,
            0.8480113858593438,
            -0.012160765807458609,
            0.37689834758973806
        ],
        [
            -0.3382598136723463,
            0.012729537489199107,
            -0.01696131266831543,
            0.042755018521638544
        ]
    ],