{
    "idx": 0,
    "actions": [
        [
            1.941482034800496,
            0.7125421623807281,
            0.012896061950852829,
            0.5311950099049053
        ],
        [
            1.7630170354913224,
            0.4696256936317343,
            -0.007350863337994097,
            0.0888370929826452
        ],
        [
            1.7121592357418325,
            0.42913813312094556,
            0.007385605392587429,
            0.2577686514402182
        ],
        [
            1.8681248794399052,
            0.5067557190695011,
            0.0028998613813460473,
            0.5441800035210901
        ],
        [
            1.9290759600885445,
            0.6016585455927403,
            0.019166494595186448,
            0.6991696992050422
        ],
        [
            1.8392365654218241,
            0.4220646352219982,
            0.0018021360004388052,
            0.7994881116294464
        ],
        [
            1.8103753220973493,
            0.3214955998292421,
            -0.020249001733363484,
            1.0908399784643552
        ],
        [
            1.7998726715368492,
            0.3358312848380005,
            -0.014023582752281273,
            0.6390556898365022
        ],
        [
            1.7916843457510008,
            0.5621376088120492,
            0.01582739959366529,
            0.3896184056299971
        ],
        [
            1.6787109020128521,
            0.5196508290179952,
            -0.007387471762368136,
            0.49119480740516974
        ],
        [
            1.7258561524379716,
            0.48753105442787686,
            -0.004590953283803495,
            0.7069384486460545
        ],
        [
            1.8627752583457347,
            0.37567098146447503,
            -0.003169310027247747,
            0.834351206675213
        ],
        [
            1.8443837446961575,
            0.44739217739567516,
            0.005072222770039833,
            0.7701532473988413
        ],
        [
            1.8100526008334632,
            0.6418969513833483,
            -0.004925906504098964,
            0.9621240223273118
        ],
        [
            1.829994675156321,
            0.488855006336027,
            -0.01299372067913148,
            0.45224355239054004
        ],
        [
            0.44970111439900334,
            0.2609811921592033,
            0.007105483110539966,
            1.126386618080963
        ],
        [
            0.3597963118480857,
            0.4332407497539531,
            -0.010868430446409474,
            0.7110410950883903
        ],
        [
            0.35255346329552595,
            0.6372124429495162,
            0.0011652000151753479,
            1.1729951908272165
        ]
    ],
    "observations": [
        [
            -0.09579549377124083,
            0.6470003502646186,
            0.06008824165534549,
            -0.07470841335007637,
            0.6438679873205154,
            0.014841327654789209,
            0.18285711330416235,
            0.5303174856715596,
            0.014996321250000253,
            0.045925409025522626,
            0.7374050584206779,
            0.02,
            0.19227493200252002,
            0.5333388173266161,
            0.02,
            0.045925409025522626,
            0.7374050584206779,
            0.02,
            0.19227493200252002,
            0.5333388173266161,
            0.02
        ],
        [
            -0.09436320296171558,
            0.6482056018944861,
            0.059729780944223126,
            -0.07414627560745203,
            0.6441253867113031,
            0.015232954272873404,
            0.18285711443712052,
            0.5303174854060969,
            0.014996321250000253,
            0.045925409025522626,
            0.7374050584206779,
            0.02,
            0.19227493200252002,
            0.5333388173266161,
            0.02,
            0.045925409025522626,
            0.7374050584206779,
            0.02,
            0.19227493200252002,
            0.5333388173266161,
            0.02
        ],
        [
            -0.08999542189916028,
            0.6506817161739054,
            0.05917842844307335,
            -0.07010042633437956,
            0.645565392675819,
            0.01517225829195025,
            0.1828571155700787,
            0.5303174851406343,
            0.014996321250000253,
            0.045925409025522626,
            0.7374050584206779,
            0.02,
            0.19227493200252002,
            0.5333388173266161,
            0.02,
            0.045925409025522626,
            0.7374050584206779,
            0.02,
            0.19227493200252002,
            0.5333388173266161,
            0.02
        ],
        [
            -0.08334049180253678,
            0.6542124284671704,
            0.058550575247815914,
            -0.06400769866317854,
            0.6477910162436192,
            0.015027311177288715,
            0.18285711670303686,
            0.5303174848751716,
            0.014996321250000253,
            0.045925409025522626,
            0.7374050584206779,
            0.02,
            0.19227493200252002,
            0.5333388173266161,
            0.02,
            0.045925409025522626,
            0.7374050584206779,
            0.02,
            0.19227493200252002,
            0.5333388173266161,
            0.02
        ],
        [
            -0.07514688938278197,
            0.6586456800777661,
            0.05796003653591597,
            -0.05702827755758715,
            0.6505876023783538,
            0.015221117835124228,
            0.18285711783599504,
            0.530317484609709,
            0.014996321250000253,
            0.045925409025522626,
            0.7374050584206779,
            0.02,
            0.19227493200252002,
            0.5333388173266161,
            0.02,
            0.045925409025522626,
            0.7374050584206779,
            0.02,
            0.19227493200252002,
            0.5333388173266161,
            0.02
        ],
        [
            -0.06589006089513434,
            0.6635178764718174,
            0.05740203352230004,
            -0.04876341194259691,
            0.6542329870909609,
            0.015259938599483724,
            0.1828571189689532,
            0.5303174843442463,
            0.014996321250000243,
            0.045925409025522626,
            0.7374050584206779,
            0.02,
            0.19227493200252002,
            0.5333388173266161,
            0.02,
            0.045925409025522626,
            0.7374050584206779,
            0.02,
            0.19227493200252002,
            0.5333388173266161,
            0.02
        ],
        [
            -0.056292296841004175,
            0.6681978068233398,
            0.05698952398077975,
            -0.040152179412763306,
            0.6578712540710945,
            0.015416837846715782,
            0.18285712010191138,
            0.5303174840787837,
            0.014996321250000277,
            0.045925409025522626,
            0.7374050584206779,
            0.02,
            0.19227493200252002,
            0.5333388173266161,
            0.02,
            0.045925409025522626,
            0.7374050584206779,
            0.02,
            0.19227493200252002,
            0.5333388173266161,
            0.02
        ],
        [
            -0.046275982538909015,
            0.6726350631025257,
            0.05653699216123524,
            -0.030859299403846272,
            0.6614648878061694,
            0.015327236133236591,
            0.18285712123486955,
            0.530317483813321,
            0.01499632125000028,
            0.045925409025522626,
            0.7374050584206779,
            0.02,
            0.19227493200252002,
            0.5333388173266161,
            0.02,
            0.045925409025522626,
            0.7374050584206779,
            0.02,
            0.19227493200252002,
            0.5333388173266161,
            0.02
        ],
        [
