{
    "idx": 0,
    "actions": [
        [
            0.5994072594166768,
            0.8420718733259627,
            0.00026246617861587387,
            0.823066054652501
        ],
        [
            0.4783923419254139,
            0.9437794331056584,
            -0.0028595915148517293,
            0.9549358671995121
        ],
        [
            0.6730183531129614,
            1.0545907497839822,
            0.002400569292967187,
            0.45744746825122545
        ],
        [
            0.4981720674433148,
            0.8172905048015188,
            -0.008869043262838756,
            0.6743119135400473
        ],
        [
            0.4670108138665937,
            0.9952075050737852,
            0.02929096241763861,
            0.13291982024722176
        ],
        [
            0.6501799753807639,
            0.8085559439767134,
            -0.004102186927803287,
            1.0460347422256893
        ],
        [
            0.6325799613640626,
            1.1447392551334525,
            -0.0012364962589203072,
            0.8139048689132813
        ],
        [
            0.7914229697062813,
            0.6467344802072834,
            0.0032335653148025862,
            0.9844534021092399
        ],
        [
            0.01626649562301582,
            -0.002114382908455566,
            -0.00015005087031364804,
            0.9241632381076461
        ],
        [
            0.005707885293815738,
            0.015427963382930518,
            -4.1732641262016676e-06,
            0.7228655334713073
        ],
        [
            0.00701783372117029,
            1.0828830085458048,
            -0.004618938153542846,
            1.1132509747639967
        ],
        [
            -0.02832011869908987,
            0.9009630912681004,
            -0.001306203959951194,
            0.40450313728266574
        ],
        [
            -0.0014244786878884134,
            0.8245062635306604,
            -0.012024753082044329,
            0.539727740039722
        ],
        [
            -0.007846874114294453,
            0.6821226596042862,
            0.01896182228633144,
            0.5155273707599694
        ]
    ],
    "observations": [
        [
            0.0073286862049916374,
            0.6574731659015495,
            0.0510751647840164,
            -0.00034361434518603786,
            0.6557205378055855,
            0.015228175398637777,
            0.20585635061170585,
            0.5486124831292666,
            0.014996321250000255,
            0.05,
            0.75,
            0.02,
            0.2,
            0.55,
            0.02,
            0.05,
            0.75,
            0.02,
            0.2,
            0.55,
            0.02
        ],
        [
            0.009254484830501793,
            0.6637819006895328,
            0.05113416711979259,
            0.0013862484186356583,
            0.661285331139064,
            0.015442155811534427,
            0.20585635176141895,
            0.5486124832552769,
            0.014996321250000255,
            0.05,
            0.75,
            0.02,
            0.2,
            0.55,
            0.02,
            0.05,
            0.75,
            0.02,
            0.2,
            0.55,
            0.02
        ],
        [
            0.012461348207008578,
            0.671125786655389,
            0.05122198374798935,
            0.004404096741870122,
            0.6681172566336431,
            0.015526501028895209,
            0.20585635291113205,
            0.5486124833812872,
            0.014996321250000255,
            0.05,
            0.75,
            0.02,
            0.2,
            0.55,
            0.02,
            0.05,
            0.75,
            0.02,
            0.2,
            0.55,
            0.02
        ],
        [
            0.016713715311919057,
            0.6791745387900727,
            0.05128118430298689,
            0.008451093865632588,
            0.675830271466447,
            0.0154442304043872,
            0.20585635406084515,
            0.5486124835072975,
            0.014996321250000255,
            0.05,
            0.75,
            0.02,
            0.2,
            0.55,
            0.02,
            0.05,
            0.75,
            0.02,
            0.2,
            0.55,
            0.02
        ],
        [
            0.021434720950103556,
            0.6875930351473653,
            0.0513869638838073,
            0.012963886658389491,
            0.6839480349223115,
            0.015426306251947918,
            0.20585635521055826,
            0.5486124836333078,
            0.014996321250000255,
            0.05,
            0.75,
            0.02,
            0.2,
            0.55,
            0.02,
            0.05,
            0.75,
            0.02,
            0.2,
            0.55,
            0.02
        ],
        [
            0.02653480559977349,
            0.696176789055064,
            0.05155919015732356,
            0.017827074508932696,
            0.6922238025523493,
            0.015463377402436447,
            0.20585635636027136,
            0.5486124837593181,
            0.014996321250000255,
            0.05,
            0.75,
            0.02,
            0.2,
            0.55,
            0.02,
            0.05,
            0.75,
            0.02,
            0.2,
            0.55,
            0.02
        ],
        [
            0.03206516626892374,
            0.7048392526846972,
            0.051767529136910656,
            0.023091730482786253,
            0.7006080850844303,
            0.01552404878210466,
            0.20585635750998446,
            0.5486124838853285,
            0.014996321250000255,
            0.05,
            0.75,
            0.02,
            0.2,
            0.55,
            0.02,
            0.05,
            0.75,
            0.02,
            0.2,
            0.55,
            0.02
        ],
        [
            0.03811280240835197,
            0.7133656144279181,
            0.05199275338162132,
            0.02884305456536259,
            0.7088866742458398,
            0.015591468817492998,
            0.20585635865969756,
            0.5486124840113388,
            0.014996321250000255,
            0.05,
            0.75,
            0.02,
            0.2,
            0.55,
            0.02,
            0.05,
            0.75,
            0.02,
            0.2,
            0.55,
            0.02
        ],
        [
            0.04385111052538927,
            0.7207740678026989,
            0.05209292538120833,
            0.03430973254886014,
            0.7160881489062177,
            0.01554619274076656,
            0.20585635980941067,
            0.5486124841373491,
            0.014996321250000255,
            0.05,
            0.75,
            0.02,
            0.2,
            0.55,
            0.02,
            0.05,
            0.75,
            0.02,
            0.2,
            0.55,
            0.02
        ],
        [
            0.04818065524165257,
            0.7264535226052042,
            0.05199042990734523,
            0.03843615014281477,
            0.7215730444977217,
            0.015333446306854535,
            0.20585636095912377,
            0.5486124842633594,
            0.014996321250000255,
            0.05,
            0.75,
            0.02,
            0.2,
            0.55,
            0.02,
            0.05,
            0.75,
            0.02,
            0.2,
            0.55,
            0.02
        ],
        [
            0.05105944120616931,
            0.7315672261977116,
            0.05186951958589241,
            0.04110813176187813,
            0.7264000785888979,
            0.015153696960700213,
            0.20585636210883687,
            0.5486124843893697,
            0.014996321250000255,
            0.05,
            0.75,
            0.02,
            0.2,
            0.55,
            0.02,
            0.05,
            0.75,
            0.02,
            0.2,
