{
    "idx": 0,
    "actions": [
        [
            0.009183573804571646,
            -0.002767911822009234,
            -0.491376844965863,
            0.5040480276704986
        ],
        [
            0.6937929255444872,
            0.47805245701507587,
            0.0009986796678171763,
            0.4026938552332831
        ],
        [
            0.7502570325849223,
            0.5198273906449804,
            -0.0011425742959494099,
            0.3397930634727253
        ],
        [
            0.5146191912514027,
            0.48911859562036925,
            0.009917535618567423,
            0.6328910298665199
        ],
        [
            0.6689148974044442,
            0.48341904048623163,
            -0.009736003061068846,
            0.6940141594959812
        ],
        [
            0.6116079870244406,
            0.3952829327509034,
            -0.015871615018088935,
            0.2046770531134668
        ],
        [
            0.650894321144495,
            0.4924440261666244,
            0.003540786009821739,
            0.5368563214524985
        ],
        [
            0.42568388953569386,
            0.4784483008324317,
            0.009966965941146788,
            1.1031442917542962
        ],
        [
            0.7883576431441994,
            0.3959239662310799,
            -0.01703063969768943,
            0.7902316138009925
        ],
        [
            0.7550321518240939,
            0.3088745481850517,
            0.0012991267336622191,
            0.2551845459320674
        ],
        [
            0.6722961830331248,
            0.40621324209738063,
            0.002412545693899386,
            0.6187325640113054
        ],
        [
            0.538630526143452,
            0.35038285885462617,
            -0.0038425981923074087,
            0.2308137870765331
        ],
        [
            0.6170544325358314,
            -0.016623225227520376,
            0.0012615259174428724,
            0.7437620300903688
        ],
        [
            0.5622147501762248,
            0.5104747159030734,
            -0.013631173736568023,
            0.6162919754111921
        ],
        [
            0.6502786891398336,
            0.7187606946426328,
            -0.009492993043990679,
            0.848537430104275
        ],
        [
            0.7778339865655562,
            0.5308737885733176,
            0.005647394224808336,
            0.49550968386903094
        ],
        [
            0.41430977309210976,
            0.5507151705402198,
            0.0024934735713490817,
            0.18379705603750657
        ],
        [
            0.6162805970862003,
            0.5329899526553893,
            0.0020733814405970263,
            0.5068728212302328
        ],
        [
            0.7048861489181569,
            0.39272215771625635,
            0.007088622486821422,
            0.965623034380111
        ],
        [
            0.6829843206696798,
            0.5662046877470609,
            -0.00122467689745926,
            0.7955961827743483
        ],
        [
            0.3848404204342163,
            0.42827681083923186,
            0.02472351833112134,
            0.7217078941104202
        ]
    ],
    "observations": [
        [
            -0.039578308715806906,
            0.6676150301804498,
            0.05462895367107916,
            -0.045813839347078306,
            0.6687928797980408,
            0.01490045755136456,
            0.20763473886601416,
            0.5601364648926724,
            0.014996321250000227,
            0.0500560231829969,
            0.7286025566679881,
            0.02,
            0.199994125041278,
            0.558961499806047,
            0.02,
            0.0500560231829969,
            0.7286025566679881,
            0.02,
            0.199994125041278,
            0.558961499806047,
            0.02
        ],
        [
            -0.039246839980946566,
            0.6679512431391212,
            0.054029712588149856,
            -0.04573994492832414,
            0.6687987270657526,
            0.014887748698033141,
            0.20763473972681615,
            0.560136464208926,
            0.014996321250000227,
            0.0500560231829969,
            0.7286025566679881,
            0.02,
            0.199994125041278,
            0.558961499806047,
            0.02,
            0.0500560231829969,
            0.7286025566679881,
            0.02,
            0.199994125041278,
            0.558961499806047,
            0.02
        ],
        [
            -0.03808696242793787,
            0.6686328611366066,
            0.05379175041866692,
            -0.045163122490396924,
            0.6691530391023942,
            0.015038206526022642,
            0.20763474058761813,
            0.5601364635251797,
            0.014996321250000227,
            0.0500560231829969,
            0.7286025566679881,
            0.02,
            0.199994125041278,
            0.558961499806047,
            0.02,
            0.0500560231829969,
            0.7286025566679881,
            0.02,
            0.199994125041278,
            0.558961499806047,
            0.02
        ],
        [
            -0.03525744451588082,
            0.6703595162441638,
            0.05354070768924879,
            -0.04304813958774659,
            0.6705497258595172,
            0.015238992358297739,
            0.20763474144842012,
            0.5601364628414333,
            0.014996321250000227,
            0.0500560231829969,
            0.7286025566679881,
            0.02,
            0.199994125041278,
            0.558961499806047,
            0.02,
            0.0500560231829969,
            0.7286025566679881,
            0.02,
            0.199994125041278,
            0.558961499806047,
            0.02
        ],
        [
            -0.030831755117961553,
            0.6732369447964905,
            0.05311245001428115,
            -0.03916287422354631,
            0.6730080390449822,
            0.015120856664868005,
            0.2076347423092221,
            0.5601364621576869,
            0.014996321250000227,
            0.0500560231829969,
            0.7286025566679881,
            0.02,
            0.199994125041278,
            0.558961499806047,
            0.02,
            0.0500560231829969,
            0.7286025566679881,
            0.02,
            0.199994125041278,
            0.558961499806047,
            0.02
        ],
        [
            -0.025601213542179115,
            0.6768312307974736,
            0.05273154261644718,
            -0.03509334800892786,
            0.6756140003274024,
            0.015305682157897915,
            0.2076347431700241,
            0.5601364614739405,
            0.014996321250000227,
            0.0500560231829969,
            0.7286025566679881,
            0.02,
            0.199994125041278,
            0.558961499806047,
            0.02,
            0.0500560231829969,
            0.7286025566679881,
            0.02,
            0.199994125041278,
            0.558961499806047,
            0.02
        ],
        [
            -0.01968410510527077,
            0.68088747328575,
            0.05233888863247382,
            -0.030082903658445428,
            0.6789440463738089,
            0.015312969550183785,
            0.20763474403082607,
            0.5601364607901941,
            0.014996321250000227,
            0.0500560231829969,
            0.7286025566679881,
            0.02,
            0.199994125041278,
            0.558961499806047,
            0.02,
            0.0500560231829969,
            0.7286025566679881,
            0.02,
            0.199994125041278,
            0.558961499806047,
            0.02
        ],
        [
            -0.013569569817444399,
            0.6852484046863884,
            0.051989167141394954,
            -0.024404644155352654,
            0.6830603554908311,
            0.015131362741150385,
            0.20763474489162806,
