{
    "idx": 0,
    "actions": [
        [
            -0.009711706648243907,
            0.014263168607870273,
            0.024884416143311282,
            0.6425419917460363
        ],
        [
            0.004663795743819789,
            -0.0009439250641118496,
            -0.009831181837457077,
            0.8406155216221548
        ],
        [
            -0.02121176444902436,
            -0.018388466037584986,
            0.0196676397193474,
            0.6259749540496257
        ],
        [
            0.008690063428187612,
            0.001841812647035463,
            -0.003416780975958806,
            0.9839436061884066
        ],
        [
            -0.017971646153956185,
            0.919442500880685,
            0.0019321355323369646,
            0.9003993052040189
        ],
        [
            0.710369395746215,
            0.9773729373165523,
            -0.00182904980856951,
            0.6022852494954474
        ],
        [
            0.541590645320508,
            0.474735612434634,
            0.00045165855938831005,
            0.5595532646716938
        ],
        [
            0.44085521245419684,
            0.7277773730520268,
            0.00013748487335533656,
            0.7826887024963572
        ],
        [
            0.6817977607254806,
            0.8545592779060529,
            0.00026738382674636933,
            0.4587772505451818
        ],
        [
            0.014315677574492909,
            0.46716540296676534,
            -0.004287020655858289,
            0.5620292005081831
        ],
        [
            -0.015096616060682988,
            0.5106119330488383,
            0.009687443931111454,
            0.3712915389817172
        ],
        [
            -0.013003468322183392,
            0.7403353662008333,
            -0.007742950804868045,
            0.8476116696262544
        ],
        [
            0.00021857358219871373,
            0.5898692326825021,
            0.015309323510288247,
            0.5702975066147767
        ],
        [
            -0.0037016416451370253,
            0.45719077679020076,
            0.005383296032761768,
            0.5398939559985038
        ],
        [
            0.6189702612079996,
            0.5365650422388412,
            -0.013647582300824324,
            0.5186377980329508
        ],
        [
            0.7421975559292464,
            0.8055524263251004,
            0.004470241568856783,
            0.47233733616856555
        ],
        [
            0.6777276963767955,
            0.5731376812555545,
            -0.007408667042040727,
            0.40778228274294026
        ],
        [
            0.005541275783267697,
            0.7503161386589924,
            -0.0006036249439233865,
            0.8159004511611995
        ],
        [
            0.002756665493407744,
            0.9088289504716016,
            -0.00015779217120995173,
            0.8862568742696295
        ],
        [
            0.004662900435501895,
            1.0797124184251072,
            -0.00832186034150062,
            0.10523490767486038
        ],
        [
            -0.01723228250716323,
            0.7489058427624462,
            -0.0035687152802559847,
            0.6452454618997782
        ],
        [
            0.0029871365999200893,
            0.5544727159179185,
            -0.00029856121636366264,
            0.5571936863779605
        ],
        [
            0.0006859922748066053,
            0.38267300411589156,
            -0.0048972502237302675,
            0.9773232652488114
        ],
        [
            0.014558079518368435,
            0.0005549222544380277,
            0.014849255986999542,
            0.7378754714502168
        ],
        [
            -0.001550358081183258,
            0.0006606026178649259,
            -0.004957954945452093,
            0.49839534436638067
        ],
        [
            0.005592989813908843,
            -0.010636955910255479,
            -0.004310963375107571,
            0.8032671100763151
        ]
    ],