{
    "idx": 0,
    "actions": [
        [
            0.014530925564082062,
            0.7154089726432508,
            0.001553456942812422,
            0.638062011596263
        ],
        [
            -0.0057405407195675814,
            0.6766125222448137,
            -0.0038821998932158687,
            0.32729405074805307
        ],
        [
            -0.00981764867048026,
            0.8640167573341414,
            0.003511120772022473,
            0.07403020923349712
        ],
        [
            0.004171752007652966,
            1.0438849675580628,
            0.00052723472602928,
            0.8415920784372735
        ],
        [
            -0.012986017876743814,
            0.585240434355667,
            0.0011779292528891214,
            0.40286247372447115
        ],
        [
            0.006536685981182977,
            0.5217735886383259,
            -0.010374070357969138,
            1.1431060009426313
        ],
        [
            -0.0015884891852177025,
            1.0037198479121714,
            0.0005155648757769132,
            0.1000433304750199
        ],
        [
            0.004211518929631316,
            0.602377266600814,
            -0.003221170179011536,
            0.5118063567390612
        ],
        [
            -0.020352401836915113,
            1.1550407330072183,
            0.009554787247688146,
            0.7167741817729334
        ],
        [
            0.002545646895199213,
            1.0076999094675778,
            -0.001412841446476454,
            -0.07430114962039369
        ],
        [
            0.005533964303223815,
            0.8024716383745666,
            -0.004629017498612865,
            0.4361046960497942
        ],
        [
            0.005603212165939569,
            1.0417192453333948,
            -0.001727373649336415,
            0.6793407560250709
        ],
        [
            -0.005701651587066085,
            0.8355511142757935,
            -0.015778533904820816,
            0.7518317191143563
        ],
        [
            0.023978139429227555,
            0.7982823070085643,
            -0.010320649300311315,
            0.5395567753511739
        ],
        [
            -0.002599272241691844,
            0.6042277182011728,
            0.009263507506475145,
            0.6829209417696738
        ],
        [
            -0.01820731871042571,
            0.6477292910934238,
            -0.004638873831886866,
            0.617734268203791
        ],
        [
            -0.016585798810197235,
            0.7109395178362707,
            -0.02027068951757744,
            -0.1289772345499257
        ],
        [
            -0.7573908760480517,
            0.9632377640453609,
            -0.0027451610209589788,
            0.4092399679654821
        ],
        [
            -0.6104743408248602,
            0.813284763623788,
            0.0035059891128383152,
            0.870340434184848
        ],
        [
            -0.7404699765488579,
            0.7308217521202924,
            -0.0022704724492627086,
            0.6783294056135343
        ],
        [
            0.006187495729020471,
            0.6115139963234753,
            -0.018658216848634432,
            0.7320387064079568
        ],
        [
            0.007583684361272839,
            1.1835214614401368,
            0.00949562565823739,
            0.5736681761512712
        ],
        [
            -0.006329949041176902,
            0.8117314021367622,
            0.002927410766350031,
            0.5056048299854153
        ]
    ],
    "observations": [
        [
            0.04417198630792816,
            0.6174215145355793,
            0.0541297617787692,
            0.03596576383671366,
            0.6147173773589366,
            0.014982372351848183,
            0.1659164060847726,
            0.5569176985508844,
            0.014996321249996314,
            0.0349031432379812,
            0.7630265356099479,
            0.02,
            0.1794169907087005,
            0.5592679909183899,
            0.02,
            0.0349031432379812,
            0.7630265356099479,
            0.02,
            0.1794169907087005,
            0.5592679909183899,
            0.02
        ],
        [
            0.0442016619413975,
            0.6190530394903608,
            0.05335640913151306,
            0.03599104062128792,
            0.6162662784284183,
            0.014664941994867727,
            0.1659164067293041,
            0.5569176975816863,
            0.014996321249998066,
            0.0349031432379812,
            0.7630265356099479,
            0.02,
            0.1794169907087005,
            0.5592679909183899,
            0.02,
            0.0349031432379812,
            0.7630265356099479,
            0.02,
            0.1794169907087005,
            0.5592679909183899,
            0.02
        ],
        [
            0.044241617462327174,
            0.6216110038574626,
            0.05322398187269052,
            0.03599761091366344,
            0.6170458376482778,
            0.014978973109433264,
            0.16591640737383562,
            0.5569176966124882,
            0.01499632124999904,
            0.0349031432379812,
            0.7630265356099479,
            0.02,
            0.1794169907087005,
            0.5592679909183899,
            0.02,
            0.0349031432379812,
            0.7630265356099479,
            0.02,
            0.1794169907087005,
            0.5592679909183899,
            0.02
        ],
        [
            0.04422101055767911,
            0.6263605933332157,
            0.05306586048266161,
            0.03595172466592556,
            0.6199580693612862,
            0.01552071456171358,
            0.16591640801836713,
            0.5569176956432902,
            0.014996321249999583,
            0.0349031432379812,
            0.7630265356099479,
            0.02,
            0.1794169907087005,
            0.5592679909183899,
            0.02,
            0.0349031432379812,
            0.7630265356099479,
            0.02,
            0.1794169907087005,
            0.5592679909183899,
            0.02
        ],
        [
            0.04421656261789788,
            0.6332306575844622,
            0.05251180539777654,
            0.03589493880105031,
            0.6258891809343772,
            0.014931286144892798,
            0.16591640866289864,
            0.5569176946740921,
            0.014996321249999882,
            0.0349031432379812,
            0.7630265356099479,
            0.02,
            0.1794169907087005,
            0.5592679909183899,
            0.02,
            0.0349031432379812,
            0.7630265356099479,
            0.02,
            0.1794169907087005,
            0.5592679909183899,
            0.02
        ],
        [
            0.04432366308554152,
            0.6398569455959539,
            0.05220057100214426,
            0.03589554895056133,
            0.6300244045909629,
            0.015386763570396709,
            0.16591640930743015,
            0.5569176937048941,
            0.014996321250000048,
            0.0349031432379812,
            0.7630265356099479,
            0.02,
            0.1794169907087005,
            0.5592679909183899,
            0.02,
            0.0349031432379812,
            0.7630265356099479,
            0.02,
            0.1794169907087005,
            0.5592679909183899,
            0.02
        ],
        [
            0.0444280580966873,
            0.6470306808185099,
            0.05182490603954516,
            0.03591887651095945,
            0.6363088789407866,
            0.015010786281532918,
            0.16591640995196166,
            0.556917692735696,
            0.01499632125000014,
            0.0349031432379812,
            0.7630265356099479,
            0.02,
            0.1794169907087005,
            0.5592679909183899,
            0.02,
            0.0349031432379812,
            0.7630265356099479,
            0.02,
