{
    "idx": 0,
    "actions": [
        [
            -0.016923704374741083,
            0.007293463462804262,
            0.006991361537186938,
            0.26933094272787284
        ],
        [
            -0.0010321275146170758,
            -0.010513903986600646,
            0.0024664895525244616,
            0.34811026584804255
        ],
        [
            1.75990138421036,
            0.6057658670351219,
            0.005993693725222971,
            0.7382382983103767
        ],
        [
            1.752271372959677,
            0.8932759148763958,
            0.0014180663915345445,
            0.7067110547171953
        ],
        [
            1.6370416397251562,
            0.37576471101951286,
            0.00802051738740516,
            0.7812410221328052
        ],
        [
            1.660849473059578,
            0.9738012685637523,
            0.0008658318016541909,
            0.8802539245499175
        ],
        [
            1.7990342763467093,
            0.4405670769208764,
            0.012798120206280218,
            0.7202657037312363
        ],
        [
            1.9801213990808535,
            0.8430480935279223,
            0.010013310173467295,
            0.35541730165906243
        ],
        [
            1.8400530684598706,
            0.6284594753906212,
            7.617498318158106e-05,
            0.9311081872386451
        ],
        [
            1.7415906453205081,
            0.3124871281601288,
            -0.0162632193782683,
            0.7005316860587997
        ],
        [
            1.694252635219847,
            0.8006444432886312,
            -0.003611131347398661,
            0.12256563736259057
        ],
        [
            0.00026738382674636933,
            0.0018345025358157629,
            -0.004707424981827272,
            0.8453932821764417
        ],
        [
            -0.004287020655858289,
            -0.0063784055647358425,
            -0.016641729851661735,
            0.49096866596518457
        ],
        [
            0.009687443931111454,
            -0.0073035709555795995,
            -0.0076236153672760935,
            1.3861721538054717
        ],
        [
            -0.007742950804868045,
            0.5097323003617951,
            0.008253722320875147,
            0.6065572074659614
        ],
        [
            0.015309323510288247,
            0.7123051083930788,
            -0.0009900831128407737,
            0.31222338220782353
        ],
        [
            0.005383296032761768,
            0.8987288175049728,
            -0.002003534800049874,
            0.8970364151637581
        ],
        [
            -0.013647582300824324,
            0.8379405224159991,
            -0.002712073398901639,
            0.4610934737672847
        ],
        [
            0.004470241568856783,
            1.084395111858493,
            0.0002776213162550149,
            0.5675988489657126
        ],
        [
            -0.007408667042040727,
            0.9554553927535911,
            -0.00640725724190199,
            0.398962230681811
        ],
        [
            -0.0006036249439233865,
            0.6538252828097229,
            0.007196681705373317,
            0.38748448429856786
        ],
        [
            -0.00015779217120995173,
            0.8894424174909663,
            0.00954189580898765,
            1.1144494826028128
        ],
        [
            -0.00832186034150062,
            0.9565157761683956,
            -0.016492169744171323,
            0.48062637042274753
        ]
    ],
    "observations": [
        [
            -0.03163358035972658,
            0.6494545394256664,
            0.05159809236021337,
            -0.04727835856346181,
            0.6485812203439418,
            0.015605367282459265,
            0.20707927091165093,
            0.542529229289,
            0.014996321250000237,
            0.05,
            0.75,
            0.02,
            0.2,
            0.55,
            0.02,
            0.05,
            0.75,
            0.02,
            0.2,
            0.55,
            0.02
        ],
        [
            -0.03164346586762927,
            0.6496423133493565,
            0.05113739805242386,
            -0.04737298322213651,
            0.6485753654475516,
            0.015089986365426017,
            0.2070792720385069,
            0.5425292293074775,
            0.014996321250000237,
            0.05,
            0.75,
            0.02,
            0.2,
            0.55,
            0.02,
            0.05,
            0.75,
            0.02,
            0.2,
            0.55,
            0.02
        ],
        [
            -0.030764249482574387,
            0.6503284135817176,
            0.05106893457030065,
            -0.04680196926133191,
            0.6486819218364261,
            0.015221085459444672,
            0.20707927316536287,
            0.5425292293259549,
            0.014996321250000237,
            0.05,
            0.75,
            0.02,
            0.2,
            0.55,
            0.02,
            0.05,
            0.75,
            0.02,
            0.2,
            0.55,
            0.02
        ],
        [
            -0.027511026533527275,
            0.6525836200122433,
            0.05107499835978728,
            -0.043828505988960625,
            0.6505392232040921,
            0.015296491094833456,
            0.20707927429221884,
            0.5425292293444324,
            0.014996321250000237,
            0.05,
            0.75,
            0.02,
            0.2,
            0.55,
            0.02,
            0.05,
            0.75,
            0.02,
            0.2,
            0.55,
            0.02
        ],
        [
            -0.022002511791886045,
            0.6561413134677828,
            0.05105770494176151,
            -0.03857282818354951,
            0.653822426304117,
            0.015252530875268367,
            0.2070792754190748,
            0.5425292293629098,
            0.014996321250000237,
            0.05,
            0.75,
            0.02,
            0.2,
            0.55,
            0.02,
            0.05,
            0.75,
            0.02,
            0.2,
            0.55,
            0.02
        ],
        [
            -0.014866515712399664,
            0.6607045954173157,
            0.05106383461410656,
            -0.03171263117369413,
            0.6581500881875912,
            0.015205260177622292,
            0.20707927654593078,
            0.5425292293813873,
            0.014996321250000237,
            0.05,
            0.75,
            0.02,
            0.2,
            0.55,
            0.02,
            0.05,
            0.75,
            0.02,
            0.2,
            0.55,
            0.02
        ],
        [
            -0.0066086218288958325,
            0.6660224195251567,
            0.05110112470476519,
            -0.023749640618150734,
            0.6632276979519818,
            0.015185240080150028,
            0.20707927767278675,
            0.5425292293998647,
            0.014996321250000237,
            0.05,
            0.75,
            0.02,
            0.2,
            0.55,
            0.02,
            0.05,
            0.75,
            0.02,
            0.2,
            0.55,
            0.02
        ],
        [
            0.0023699057768863836,
            0.6717479512036554,
            0.051177386756255314,
            -0.01508374079971723,
            0.6687230314364306,
            0.015197085101601737,
            0.20707927879964272,
            0.5425292294183421,
            0.014996321250000237,
            0.05,
            0.75,
            0.02,
            0.2,
            0.55,
            0.02,
            0.05,
            0.75,
            0.02,
            0.2,
            0.55,
            0.02
        ],
        [
            0.01180454555196545,
            0.677879909341874,
            0.0512880642238735,
            -0.005980435974310143,
