{
    "idx": 0,
    "actions": [
        [
            0.0017124354515221248,
            0.00038908705856215034,
            0.006265642507453606,
            0.44788956907039873
        ],
        [
            0.02042072149826954,
            0.0003811800017940036,
            -0.005789181399432079,
            0.8188039038841278
        ],
        [
            1.8246648955252447,
            0.9215985018812795,
            -0.009420935888731158,
            0.28458288040198065
        ],
        [
            1.8599369372522299,
            0.7487366212620715,
            -0.009402702359572048,
            0.6639051502289661
        ],
        [
            1.969596953301417,
            1.1666870723631357,
            0.014263168607870273,
            0.6425419917460363
        ],
        [
            1.7101678028567984,
            0.43069360366706544,
            -0.0009439250641118496,
            0.8406155216221548
        ],
        [
            1.7803766035056459,
            1.0838510091821902,
            -0.018388466037584986,
            0.6259749540496257
        ],
        [
            1.8024290914137782,
            0.6228067035918095,
            0.001841812647035463,
            0.9839436061884066
        ],
        [
            -9.657236532908346e-05,
            1.000266203469346,
            -0.008022531717308108,
            0.9892026267278671
        ],
        [
            0.01801213990808535,
            0.8015234996636317,
            -0.010063655216785504,
            0.8688745276068478
        ],
        [
            0.004005306845987062,
            0.474735612434634,
            0.0013545466318998054,
            1.1578039001554885
        ],
        [
            0.003351056201959989,
            0.7277773730520268,
            0.0111492455949028,
            0.04658965091158618
        ],
        [
            3.222216443155699e-05,
            0.7058515003634546,
            -0.005559850318789673,
            0.6550350760744729
        ],
        [
            -0.002789142751032398,
            0.46716540296676534,
            0.014622141707804195,
            0.40864783305792474
        ],
        [
            0.007790512201329916,
            0.6475276926544782,
            -0.0027739139174310984,
            0.38089287133261196
        ],
        [
            -0.007474731780653793,
            0.965074446417503,
            -0.0080385040403152,
            0.5191830664646279
        ],
        [
            -0.014513384981910252,
            0.7801983377431846,
            0.0004253907402979072,
            0.6277343206409426
        ],
        [
            -0.004384744580346061,
            0.7599293039990026,
            -0.009592553926405883,
            0.5572663747471892
        ],
        [
            -0.46828252111942054,
            0.7457585320219673,
            0.009901213838791938,
            0.593439027363276
        ],
        [
            -0.6027762131625501,
            0.7148915574457104,
            -0.004630217541090509,
            0.6317159986401465
        ],
        [
            0.004563633634807854,
            0.6718548551619603,
            -0.0010800383678095792,
            0.41751265497555146
        ],
        [
            -0.0029104146327302576,
            0.9439336341074664,
            -0.006701258977272965,
            0.38668782096266663
        ],
        [
            -0.016417032288097842,
            0.002756665493407744,
            -0.007083850523381071,
            0.4524809675959417
        ],
        [
            -0.006161211233234792,
            0.004662900435501895,
            0.01714831608676043,
            0.6517017417687566
        ]
    ],
    "observations": [
        [
            0.001182366807592917,
            0.6150244205277836,
            0.057952573619093894,
            -0.0006734545621672125,
            0.615292720417751,
            0.015086893915645837,
            0.20078325111653553,
            0.5632757290109724,
            0.014996321250000253,
            0.05,
            0.75,
            0.02,
            0.2,
            0.55,
            0.02,
            0.05,
            0.75,
            0.02,
            0.2,
            0.55,
            0.02
        ],
        [
            0.0012013719884888692,
            0.6150172630210149,
            0.05773993547984277,
            -0.0006592137342584607,
            0.6155314527497111,
            0.014943885102415263,
            0.20078325224717625,
            0.5632757292327378,
            0.014996321250000253,
            0.05,
            0.75,
            0.02,
            0.2,
            0.55,
            0.02,
            0.05,
            0.75,
            0.02,
            0.2,
            0.55,
            0.02
        ],
        [
            0.0019920455555721564,
            0.6157464282468015,
            0.05793356516230426,
            -5.325551550346575e-05,
            0.6161199893640102,
            0.015192278078332457,
            0.20078325337781697,
            0.5632757294545032,
            0.014996321250000253,
            0.05,
            0.75,
            0.02,
            0.2,
            0.55,
            0.02,
            0.05,
            0.75,
            0.02,
            0.2,
            0.55,
            0.02
        ],
        [
            0.005282785114976286,
            0.6183375279059371,
            0.05806001246300964,
            0.0031784879026086556,
            0.6186716336105101,
            0.015220465134030694,
            0.2007832545084577,
            0.5632757296762686,
            0.014996321250000253,
            0.05,
            0.75,
            0.02,
            0.2,
            0.55,
            0.02,
            0.05,
            0.75,
            0.02,
            0.2,
            0.55,
            0.02
        ],
        [
            0.010836219420884832,
            0.622764017660337,
            0.058122906323298376,
            0.008666804293490368,
            0.6230600648465077,
            0.015169736667589074,
            0.2007832556390984,
            0.563275729898034,
            0.014996321250000253,
            0.05,
            0.75,
            0.02,
            0.2,
            0.55,
            0.02,
            0.05,
            0.75,
            0.02,
            0.2,
            0.55,
            0.02
        ],
        [
            0.01804855966390551,
            0.6282157368509422,
            0.058159521573763556,
            0.015788036787914548,
            0.6284142310879779,
            0.015151051654051778,
            0.20078325676973913,
            0.5632757301197994,
            0.014996321250000253,
            0.05,
            0.75,
            0.02,
            0.2,
            0.55,
            0.02,
            0.05,
            0.75,
            0.02,
            0.2,
            0.55,
            0.02
        ],
        [
            0.026360791147467477,
            0.6342784250440022,
            0.058168160004614305,
            0.023990225100761733,
            0.6344102383265751,
            0.015098796429454425,
            0.20078325790037985,
            0.5632757303415648,
            0.014996321250000253,
            0.05,
            0.75,
            0.02,
            0.2,
            0.55,
            0.02,
            0.05,
            0.75,
            0.02,
            0.2,
            0.55,
            0.02
        ],
        [
            0.035197100358040447,
            0.6408336137774191,
            0.058271137285988026,
            0.03225867689602505,
            0.6406555514500184,
            0.015319070655928326,
            0.20078325903102057,
            0.5632757305633301,
            0.014996321250000295,
            0.05,
            0.75,
            0.02,
            0.2,
            0.55,
            0.02,
            0.05,
            0.75,
            0.02,
            0.2,
            0.55,
            0.02
        ],
