{
    "idx": 2,
    "actions": [
        [
            -0.006522935999350191,
            -0.005211893123011109,
            -0.018430695501566487,
            -0.4561032557976157
        ],
        [
            0.009318483741143037,
            0.00339964983801262,
            -0.0001568211160255477,
            -0.5428039519255802
        ],
        [
            0.0028044170531629597,
            -0.009931236109295806,
            0.008416312640736364,
            -0.6148484944950272
        ],
        [
            -0.0020690367616397172,
            0.008801789120807823,
            -0.016981058194322544,
            0.07666926882065683
        ],
        [
            -0.009855107376841506,
            -0.014718350074635869,
            0.17773248994848456,
            -0.7701870833558008
        ],
        [
            -0.0029183736274786282,
            -0.007614922118116233,
            0.2852551939461232,
            -1.0399736146722534
        ],
        [
            0.007666631816450861,
            0.0035629281747228893,
            0.5814519822487867,
            0.0035548179274376905
        ],
        [
            -0.014465346995633878,
            0.008002979493400276,
            0.6732721186919133,
            -0.002334666615436927
        ],
        [
            0.015199948607657728,
            0.017195893074161944,
            0.5123721914233507,
            0.028380921361843447
        ],
        [
            0.009430460873225178,
            -0.027396771671895564,
            0.45331544539472374,
            0.0026990435494076135
        ],
        [
            -0.009711045704444846,
            0.0031481720451582377,
            0.5800564803430996,
            5.2926462993608534e-05
        ],
        [
            -0.0008593076697161273,
            0.0019429293804577167,
            0.8914831212441983,
            -0.0011510746848722672
        ],
        [
            -0.01054628463985014,
            0.008202478373246813,
            0.867780825043189,
            0.002790957643924534
        ],
        [
            0.001993001968964652,
            -0.0005060354096166589,
            0.7121620956395704,
            -0.009788298593587699
        ],
        [
            -0.00960504381633148,
            -0.007931173627076717,
            0.39671867444004805,
            0.00251484415021537
        ],
        [
            0.01738872677454511,
            -0.5496000946343962,
            1.0257188129029138,
            -0.008824188185499186
        ],
        [
            -0.00908763245959053,
            -0.5553132064207584,
            1.1026656165146411,
            -0.026556190929749326
        ],
        [
            -0.010299352833089765,
            -0.7696224052563579,
            0.7852150667439171,
            0.012980219723262212
        ],
        [
            -0.010180418752873647,
            -0.0007785475594085076,
            1.0192693691331598,
            -0.0003424228053195387
        ],
        [
            -0.016326345262344954,
            -0.01567767724308454,
            0.979052054577986,
            0.013014280716647609
        ],
        [
            -0.006600563201340829,
            0.0017581895329602801,
            0.856855934161443,
            0.010479721559680528
        ],
        [
            -0.016812182154944334,
            -0.008889713580954499,
            0.9873484927070515,
            -0.008887202573536307
        ],
        [
            -0.02239604058661737,
            0.004014990550902875,
            0.5440621653591522,
            0.0006485610634357618
        ],
        [
            -0.0020289684076666707,
            -0.001098827793093138,
            0.475798017012978,
            -0.012085736537332213
        ],
        [
            0.010781973037142378,
            -0.025591846663440963,
            0.5163928572452586,
            -0.006319037580051673
        ],
        [
            -0.006780257815644504,
            0.012978457906510987,
            -0.0236417381714118,
            0.0002033418170524325
        ],
        [
            0.0019506969715138117,
            -0.017815628557055915,
            -0.0072904465879469575,
            0.001965574007287849
        ],
        [
            0.00453781912635684,
            0.16361411900292103,
            0.0003700572191014953,
            0.007679024077327037
        ],
        [
            -0.0013105401154141234,
            0.01133079879559722,
            -0.01951804101481602,
            -0.00659891729729498
        ]
    ],