{
    "idx": 2,
    "actions": [
        [
            0.007471883342046318,
            -0.011889449552037362,
            0.007732529774025997,
            0.19775167139902228
        ],
        [
            -0.006840108977372166,
            0.016595507961898723,
            0.01068509399316009,
            -0.39364871669139523
        ],
        [
            -0.003646935443916854,
            0.0015670385527236396,
            0.005785214977288784,
            -0.37075682282806705
        ],
        [
            -0.006522935999350191,
            -0.005211893123011109,
            -0.018430695501566487,
            -0.4561032557976157
        ],
        [
            0.009318483741143037,
            0.00339964983801262,
            0.160515048596655,
            -0.5428039519255802
        ],
        [
            0.0028044170531629597,
            -0.009931236109295806,
            0.24938367762809566,
            -0.6148484944950272
        ],
        [
            -0.0020690367616397172,
            0.008801789120807823,
            0.39774931563643967,
            0.07666926882065683
        ],
        [
            -0.009855107376841506,
            -0.014718350074635869,
            0.47773248994848455,
            -0.7701870833558008
        ],
        [
            -0.0029183736274786282,
            -0.007614922118116233,
            0.5852551939461232,
            -1.0399736146722534
        ],
        [
            0.007666631816450861,
            0.0035629281747228893,
            0.505892558918163,
            -0.8443559467463599
        ],
        [
            -0.014465346995633878,
            0.008002979493400276,
            0.6732721186919133,
            -0.002334666615436927
        ],
        [
            0.015199948607657728,
            0.017195893074161944,
            0.5093953229385568,
            0.005822245913979242
        ],
        [
            0.009430460873225178,
            -0.027396771671895564,
            0.9737926973793591,
            0.0026990435494076135
        ],
        [
            -0.009711045704444846,
            0.0031481720451582377,
            0.8156520350323323,
            5.2926462993608534e-05
        ],
        [
            1.845741560622099,
            0.0019429293804577167,
            0.008758327615873309,
            -0.0011510746848722672
        ],
        [
            1.8338904125215945,
            0.008202478373246813,
            1.2042087122969596,
            0.002790957643924534
        ],
        [
            1.7560810478197852,
            -0.0005060354096166589,
            0.8362676858435643,
            -0.009788298593587699
        ],
        [
            1.598359337220024,
            -0.007931173627076717,
            0.6921090733250997,
            0.00251484415021537
        ],
        [
            1.9128594064514568,
            0.00994394391315499,
            0.8992001892687925,
            -0.008824188185499186
        ],
        [
            1.7954296039339765,
            -0.004243176209779015,
            1.1026656165146411,
            -0.026556190929749326
        ],
        [
            -0.010299352833089765,
            -0.0034994336458910474,
            1.339244810512716,
            0.012980219723262212
        ],
        [
            -0.010180418752873647,
            -0.0007785475594085076,
            1.0192693691331598,
            -0.0003424228053195387
        ],
        [
            -0.016326345262344954,
            -0.01567767724308454,
            0.979052054577986,
            0.013014280716647609
        ],
        [
            -0.006600563201340829,
            0.0017581895329602801,
            0.856855934161443,
            0.010479721559680528
        ],
        [
            -0.016812182154944334,
            -0.008889713580954499,
            0.9873484927070515,
            -0.008887202573536307
        ],
        [
            -0.02239604058661737,
            0.004014990550902875,
            0.3720310826795761,
            0.0006485610634357618
        ],
        [
            -0.0020289684076666707,
            -0.001098827793093138,
            0.475798017012978,
            -0.012085736537332213
        ],
        [
            0.010781973037142378,
            -0.025591846663440963,
            0.01181378601288286,
            -0.006319037580051673
        ],
        [
            -0.006780257815644504,
            0.012978457906510987,
            -0.0236417381714118,
            0.0002033418170524325
        ],
        [
            0.0019506969715138117,
            -0.017815628557055915,
            -0.0072904465879469575,
            0.001965574007287849
        ]
    ],