{
    "idx": 0,
    "actions": [
        [
            0.0053843700035453865,
            0.0048334185178057175,
            -0.0012364962589203072,
            1.1171088827001787
        ],
        [
            -0.01012673123768591,
            -0.010272968770754625,
            0.0032335653148025862,
            0.37010172031092503
        ],
        [
            0.01626649562301582,
            -0.002114382908455566,
            -0.00015005087031364804,
            0.9241632381076461
        ],
        [
            0.005707885293815738,
            0.640081300065902,
            -4.1732641262016676e-06,
            0.7228655334713073
        ],
        [
            0.00701783372117029,
            1.0828830085458048,
            -0.004618938153542846,
            1.1132509747639967
        ],
        [
            -0.02832011869908987,
            0.9009630912681004,
            -0.001306203959951194,
            0.40450313728266574
        ],
        [
            -0.0014244786878884134,
            0.8245062635306604,
            -0.012024753082044329,
            0.539727740039722
        ],
        [
            -0.007846874114294453,
            0.6821226596042862,
            0.01896182228633144,
            0.5155273707599694
        ],
        [
            -0.0049821161858610965,
            0.7248080068057482,
            -0.002789816053030303,
            0.3781814092469413
        ],
        [
            -0.0011244375601928821,
            0.8349360185796338,
            0.002950757833018624,
            0.17992313756161743
        ],
        [
            0.0006389619165017826,
            0.5020133983557016,
            -0.009659538588418696,
            0.3680422469329684
        ],
        [
            -0.007112857556104382,
            0.6240885805377232,
            0.0010482780282721456,
            0.4996135182137634
        ],
        [
            0.002522707806121254,
            1.0159862434285072,
            0.0037592742576748016,
            0.8429222192443342
        ],
        [
            -0.001476374145148375,
            0.6134859540205975,
            -0.016847289588739413,
            0.1719186943719025
        ],
        [
            0.6500016695857302,
            1.0688148749346853,
            -0.010356057313844947,
            0.5966593117977999
        ],
        [
            0.5138784446601359,
            0.5803421137350507,
            -0.006210826977013774,
            0.7717840059122371
        ],
        [
            0.010985816482311466,
            0.9507731367124602,
            0.00813452245114107,
            0.333543536674346
        ],
        [
            -0.008490728726936604,
            0.37133838695226234,
            -0.0077722804215513445,
            0.2980322805617287
        ],
        [
            -0.0044791483841554024,
            0.7152423502901047,
            0.014198639721964357,
            0.8038703597295247
        ],
        [
            0.009882405737426969,
            0.6849488010387764,
            -0.007688491596748099,
            0.9310511300185127
        ],
        [
            -0.013698595019529422,
            0.8731182920449273,
            0.0018342864666752474,
            0.4246874174066034
        ],
        [
            0.015570100415321602,
            0.8973874609879866,
            -0.020195400853867215,
            0.5436615234075579
        ],
        [
            0.005953003076922928,
            0.28418985096210514,
            -0.0023229400718659736,
            0.3187471841673812
        ],
        [
            0.0033279821740445476,
            0.9113928241157775,
            0.005066690260283885,
            0.1431695728487442
        ],
        [
            -0.0018844908213006826,
            0.7831553406945212,
            0.0028725731246679277,
            0.5890208121251259
        ]
    ],
    "observations": [
        [
            0.0451343436797969,
            0.603069325289846,
            0.051224285757622876,
            0.043916494117385886,
            0.6033365705627726,
            0.014992523440258743,
            0.22825208721782908,
            0.53326251660551,
            0.014996321250000227,
            0.05,
            0.75,
            0.02,
            0.2,
            0.55,
            0.02,
            0.05,
            0.75,
            0.02,
            0.2,
            0.55,
            0.02
        ],
        [
            0.045144198775923954,
            0.6029156056146384,
            0.05111091805468618,
            0.043921034457836385,
            0.6033335542510799,
            0.014993564039546983,
            0.2282520882776792,
            0.5332625167205236,
            0.014996321250000227,
            0.05,
            0.75,
            0.02,
            0.2,
            0.55,
            0.02,
            0.05,
            0.75,
            0.02,
            0.2,
            0.55,
            0.02
        ],
        [
            0.04516115096369276,
            0.6028014966125932,
            0.05093285116737756,
            0.04392836086126504,
            0.6033151919934518,
            0.014984502556732034,
            0.22825208933752933,
            0.5332625168355372,
            0.014996321250000227,
            0.05,
            0.75,
            0.02,
            0.2,
            0.55,
            0.02,
            0.05,
            0.75,
            0.02,
            0.2,
            0.55,
            0.02
        ],
        [
            0.045187325587587576,
            0.6032210506420941,
            0.05081589501329545,
            0.04393927620664273,
            0.603625296609613,
            0.015042706307529028,
            0.22825209039737945,
            0.5332625169505507,
            0.014996321250000227,
            0.05,
            0.75,
            0.02,
            0.2,
            0.55,
            0.02,
            0.05,
            0.75,
            0.02,
            0.2,
            0.55,
            0.02
        ],
        [
            0.04520517649193201,
            0.605402847866962,
            0.05072784639291632,
            0.04394454799419851,
            0.6057268663857401,
            0.015138949223824475,
            0.22825209145722958,
            0.5332625170655643,
            0.014996321250000218,
            0.05,
            0.75,
            0.02,
            0.2,
            0.55,
            0.02,
            0.05,
            0.75,
            0.02,
            0.2,
            0.55,
            0.02
        ],
        [
            0.04519660049097083,
            0.6096978724731016,
            0.05062877515321536,
            0.0439144176472118,
            0.6099653592056166,
            0.015058983831992995,
            0.2282520925170797,
            0.5332625171805778,
            0.014996321250000215,
            0.05,
            0.75,
            0.02,
            0.2,
            0.55,
            0.02,
            0.05,
            0.75,
            0.02,
            0.2,
            0.55,
            0.02
        ],
        [
            0.0452010317495471,
            0.6152982576658286,
            0.050612342639367564,
            0.04387749114978899,
            0.6151440180397891,
            0.0152455655374351,
            0.22825209357692983,
            0.5332625172955914,
            0.014996321250000215,
            0.05,
            0.75,
            0.02,
            0.2,
            0.55,
            0.02,
            0.05,
            0.75,
            0.02,
            0.2,
            0.55,
            0.02
        ],
        [
            0.04523775256416871,
            0.621808037488269,
            0.05055073835069121,
            0.043860585265578116,
            0.6217914770260721,
            0.015132965349454736,
            0.22825209463677995,
            0.5332625174106049,
            0.014996321250000215,
            0.05,
            0.75,
            0.02,
            0.2,
